"Task","Category","Priority","Status","Details","URL"
"Fix server URL in capacitor.config.ts - remove Lovable hosting URL","Android / Capacitor","Critical","Done","DONE - Removed server.url and server.cleartext from capacitor.config.ts. App now loads from bundled /dist assets. Run npm run build && npx cap sync android before next Android release.","https://capacitorjs.com/docs/config"
"Run npx cap sync after every build","Android / Capacitor","Critical","Not Started","Before every Android or iOS release: npm run build && npx cap sync. Copies latest web assets into native projects.","https://capacitorjs.com/docs/cli/commands/sync"
"Update Play Store listing with new screenshots and description","Android / Capacitor","High","Not Started","Log into Google Play Console. Update store listing description, screenshots (1080x1920px), and feature graphic (1024x500px).","https://play.google.com/console"
"Set up Google Play Internal Testing for beta","Android / Capacitor","High","Not Started","Play Console > Testing > Internal Testing. Upload .aab file. Add tester Gmail addresses (up to 100). They get an opt-in link - no review needed.","https://play.google.com/console"
"Check Capacitor version (v8.3.0 - currently up to date)","Android / Capacitor","Low","Done","v8.3.0 is current as of mid-2025. No update needed. To update later: npm update @capacitor/core @capacitor/ios @capacitor/android @capacitor/cli && npx cap sync","https://capacitorjs.com/docs/updating"
"Create Apple Developer Account","iOS / Apple","Critical","Not Started","Cost: USD $99/year. Go to developer.apple.com/enroll. Sign in with Apple ID. Choose Individual account. Pay by card - usually approved instantly.","https://developer.apple.com/enroll/"
"Choose build method: Mac or Codemagic","iOS / Apple","Critical","Not Started","Option A: If you have a Mac - install Xcode free from Mac App Store. Option B: No Mac - use Codemagic CI/CD (free 500 min/month on M2 Mac). Recommended for solo founder.","https://codemagic.io"
"Register Bundle ID: nz.co.mindcast.signal","iOS / Apple","Critical","Not Started","developer.apple.com/account/resources/identifiers/list > + > App IDs > App. Bundle ID: nz.co.mindcast.signal. Enable Push Notifications capability.","https://developer.apple.com/account/resources/identifiers/list"
"Create App Store Connect listing","iOS / Apple","Critical","Not Started","appstoreconnect.apple.com > My Apps > +. Name: Signal. Subtitle: Women's Health & Wellbeing. Bundle ID: nz.co.mindcast.signal. SKU: signal-nz-001.","https://appstoreconnect.apple.com"
"Add iOS platform to Capacitor","iOS / Apple","Critical","Not Started","Requires Mac or Codemagic. Run: npm run build, npx cap add ios, npx cap sync ios, npx cap open ios (opens Xcode). appId is already set in capacitor.config.ts.","https://capacitorjs.com/docs/ios"
"Prepare iOS App Store screenshots","iOS / Apple","Critical","Not Started","Required: iPhone 6.7 inch (1290x2796px) and 6.5 inch (1242x2688px), minimum 3 screenshots each. Create in Canva at exact dimensions. Show: dashboard, cycle, nutrition, journal, habits.","https://www.canva.com"
"Decision: Apple IAP vs web-only subscriptions","iOS / Apple","Critical","Not Started","Apple requires IAP for in-app subscriptions and takes 30% cut. Web-first model (users subscribe on your website then log in on app) avoids this. Strongly recommended for solo founder.","https://developer.apple.com/app-store/review/guidelines/#in-app-purchase"
"Write App Store keywords","iOS / Apple","High","Not Started","Keywords field (100 chars max, no spaces after commas): cycle tracking,hormone health,period tracker,nervous system,womens wellness,habit tracker,menopause,NZ","https://developer.apple.com/app-store/product-page/"
"Add health disclaimer to app onboarding","iOS / Apple","High","Done","DONE - Added medical disclaimer to OnboardingFlow.tsx step 0 (welcome screen): Signal provides wellness information for educational purposes only. It is not a substitute for professional medical advice.","https://developer.apple.com/app-store/review/guidelines/#health-and-fitness"
"Set up TestFlight for iOS beta","iOS / Apple","High","Not Started","App Store Connect > Your App > TestFlight. Internal Testing: up to 100 testers added by Apple ID, no review. External Testing: up to 10000 testers via public link, needs 24-48hr Apple review.","https://developer.apple.com/testflight/"
"Submit app for App Store review","iOS / Apple","High","Not Started","In Xcode: Archive > upload to App Store Connect. Then in App Store Connect select build and Submit for Review. Review takes 24-48 hours. Health apps may get extra scrutiny.","https://developer.apple.com/app-store/review/"
"Add VITE_SENTRY_DSN to production environment","Monitoring / Ops","Critical","Not Started","Sentry is already configured in src/instrument.ts. Create free account at sentry.io, create React project, copy DSN. Add VITE_SENTRY_DSN to .env and Vercel environment variables.","https://sentry.io"
"Verify Sentry is receiving errors","Monitoring / Ops","Critical","Not Started","After adding DSN: deploy to production, cause an intentional error (visit a broken URL), then confirm it appears in your Sentry dashboard. Free tier: 5000 errors/month.","https://sentry.io/for/react/"
"Set up UptimeRobot to monitor app URL","Monitoring / Ops","Critical","Not Started","Free uptime monitoring with email alerts. Create account > Add Monitor > HTTPS > enter your production URL > 5 minute interval. Also monitor your Supabase URL separately.","https://uptimerobot.com"
"Set up Supabase database backups","Monitoring / Ops","Critical","Not Started","Supabase Dashboard > Settings > Backups. Verify PITR is enabled. Free plan: daily backups for 7 days. Consider Pro plan ($25/month) for better retention before you have real users.","https://supabase.com/dashboard/project/hwcgbcfqxzzhvivcdroh/settings/general"
"Fix PostHog hardcoded token - use env var only","Monitoring / Ops","High","Done","DONE - Removed hardcoded fallback token from src/lib/analytics.ts. PostHog now reads from VITE_PUBLIC_POSTHOG_PROJECT_TOKEN only. Add this to your Vercel environment variables and .env file.","https://posthog.com"
"Verify RESEND_API_KEY is set in Supabase secrets","Email / Resend","Critical","Not Started","Supabase Dashboard > Settings > Edge Function Secrets. Confirm RESEND_API_KEY is present. If missing, get it from resend.com > API Keys. FROM address: support@mindcast.co.nz","https://supabase.com/dashboard/project/hwcgbcfqxzzhvivcdroh/settings/vault"
"Verify Resend domain authentication (DKIM/SPF)","Email / Resend","Critical","Not Started","Go to resend.com > Domains. Confirm mindcast.co.nz has DKIM and SPF verified (green tick). Without this, emails go to spam. Resend shows DNS records to add to your domain registrar.","https://resend.com/domains"
"Test Welcome email end-to-end","Email / Resend","Critical","Not Started","Create new account on production using a Gmail address. Should receive welcome email within 3 minutes. Check subject line, links work, and email renders on mobile.","https://resend.com/emails"
"Test Subscription Confirmed email","Email / Resend","Critical","Not Started","Subscribe to Rooted tier on production using Stripe test card 4242 4242 4242 4242. Should receive subscription confirmed email. Verify tier name displays correctly.","https://dashboard.stripe.com/test/webhooks"
"Verify all 6 email templates render correctly","Email / Resend","Critical","Not Started","6 templates in supabase/functions/send-email/templates.ts: Welcome, Subscription Confirmed, Top-up, Renewal, Plan Changed, Cancellation. Test each by triggering the real event.","https://resend.com/emails"
"Customise Supabase password reset email","Email / Resend","High","Done","DONE - Branded HTML template created at supabase/email-templates/password-reset.html. Paste the HTML into: Supabase Dashboard > Auth > Email Templates > Reset Password. Uses Signal brand colours.","https://supabase.com/dashboard/project/hwcgbcfqxzzhvivcdroh/auth/templates"
"Test Stripe webhook is registered and firing","Membership / Stripe","Critical","Not Started","Stripe Dashboard > Developers > Webhooks. Confirm endpoint: https://hwcgbcfqxzzhvizcdroh.supabase.co/functions/v1/stripe-webhook. Check recent attempts show 200 status.","https://dashboard.stripe.com/test/webhooks"
"Test complete checkout flow for each tier","Membership / Stripe","Critical","Not Started","Test Rooted, Nourished, Thriving in Stripe test mode (card: 4242 4242 4242 4242). After each: verify ai_credits updates in Supabase, tier shows in Account page, features unlock.","https://dashboard.stripe.com/test/customers"
"Test Stripe Customer Portal (upgrade/downgrade/cancel)","Membership / Stripe","Critical","Not Started","From Account page click Manage Subscription. Should open Stripe Customer Portal. Test: upgrade Rooted to Nourished, downgrade, and cancel. Verify Supabase tier updates after each.","https://dashboard.stripe.com/test/customers"
"Create Stripe coupon: SIGNAL1MONTH","Membership / Stripe","High","Not Started","Stripe Dashboard > Coupons > + New. Code: SIGNAL1MONTH. Discount: 100% off. Duration: once (first invoice only). Single use per customer. For beta testers.","https://dashboard.stripe.com/coupons"
"Create Stripe coupon: FOUNDER50","Membership / Stripe","High","Not Started","Stripe Dashboard > Coupons > + New. Code: FOUNDER50. Discount: 50% off. Duration: forever (every invoice). For advocates and early supporters.","https://dashboard.stripe.com/coupons"
"Create Stripe coupon: BETA2025","Membership / Stripe","High","Not Started","Stripe Dashboard > Coupons > + New. Code: BETA2025. Discount: 100% off. Duration: repeating for 3 months. For press and influencer gifting.","https://dashboard.stripe.com/coupons"
"Verify annual pricing plans are set up","Membership / Stripe","Medium","Not Started","Stripe Dashboard > Products > each product > Add another price. Create yearly price at roughly 10 months cost (2 months free). Helps with LTV.","https://dashboard.stripe.com/products"
"Protect /admin route with admin role check","Security / Gates","Critical","Done","DONE - Admin page already protected via user_roles table query. Redirects to /auth if not logged in, redirects to / if not admin. Admin role migration file created.","N/A"
"Block /brand route in production","Security / Gates","Critical","Done","DONE - Added production check in BrandGuidelines.tsx: if (import.meta.env.PROD) return Navigate to /. Deploy to verify.","N/A"
"Block /animation-poc route in production","Security / Gates","Critical","Done","DONE - Added production check in AnimationPOC.tsx: if (import.meta.env.PROD) return Navigate to /. Deploy to verify.","N/A"
"Set admin role for grantashl1@gmail.com","Security / Gates","Critical","Not Started","Run in Supabase SQL Editor: INSERT INTO public.user_roles (user_id, role) SELECT id, 'admin'::public.app_role FROM auth.users WHERE email IN ('grantashl1@gmail.com','admin@mindcast.co.nz') ON CONFLICT DO NOTHING; The auto_grant_admin_role trigger handles future signups.","https://supabase.com/dashboard/project/hwcgbcfqxzzhvivcdroh/sql/new"
"Invite admin@mindcast.co.nz and grant admin role","Security / Gates","Critical","Not Started","Supabase Dashboard > Auth > Users > Invite User > admin@mindcast.co.nz. Sends a password setup email. The auto_grant_admin_role trigger grants admin access on signup.","https://supabase.com/dashboard/project/hwcgbcfqxzzhvivcdroh/auth/users"
"Run Supabase Security Advisor","Security / Gates","Critical","Not Started","Supabase Dashboard > Advisors > Security. Lists tables with missing RLS, exposed functions, or security warnings. Fix all critical and high severity items before launch.","https://supabase.com/dashboard/project/hwcgbcfqxzzhvivcdroh/advisors/security"
"Verify RLS on all user data tables","Security / Gates","Critical","Not Started","Check RLS is enabled on: profiles, journal_entries, cycle_logs, workout_logs, habit_completions, nutrition_plans, community_posts. Supabase Dashboard > Table Editor > each table > RLS tab.","https://supabase.com/dashboard/project/hwcgbcfqxzzhvivcdroh/editor"
"Gate Connect course behind Nourished tier","Security / Gates","High","Done","DONE - Added hasCourseAccess check to ConnectCoursePage.tsx. Free and Rooted users now see a locked screen with upgrade prompt. Nourished+ gets full access.","N/A"
"Gate Parenting course behind Thriving tier","Security / Gates","High","Done","DONE - Added hasCourseAccess check to ParentingCoursePage.tsx. Free, Rooted, and Nourished users now see a locked screen. Thriving plan gets full access.","N/A"
"Review and update Privacy Policy for NZ Privacy Act 2020","Legal / Privacy","Critical","Done","DONE - Privacy Policy at /privacy-policy already covers: data collection, NZ Privacy Act 2020, user rights (access/correction/deletion), Stripe payment processing, no data selling, children privacy (18+). Contact email listed.","https://privacy.org.nz"
"Add health information disclaimer to app","Legal / Privacy","High","Done","DONE - Disclaimer added to OnboardingFlow.tsx welcome screen. Also review /terms to ensure it references the disclaimer.","N/A"
"Verify Refund Policy covers digital subscriptions","Legal / Privacy","High","Done","DONE - Refund Policy at /refund-policy covers: free tier, monthly/annual subscriptions via Stripe, cancellation process, refund circumstances (accidental/technical/duplicate), how to request. NZ Consumer Guarantees Act compliant.","https://www.consumerprotection.govt.nz"
"Recruit 20-50 beta testers across iOS and Android","Beta Testing","High","Not Started","Target NZ-based women aged 25-45 interested in cycle syncing, wellness, or mindfulness. Reach via: personal network, Facebook groups, Instagram DMs to followers and wellness communities.","N/A"
"Send SIGNAL1MONTH coupon codes to all beta testers","Beta Testing","High","Not Started","Send each tester their coupon code plus the onboarding DM template from 06-marketing-content.csv. Track in 02-beta-testers.csv spreadsheet. Create SIGNAL1MONTH coupon in Stripe first.","https://dashboard.stripe.com/coupons"
"Follow up with testers at Day 3, Day 14, Day 30","Beta Testing","High","Not Started","Day 3: check they onboarded successfully. Day 14: ask for NPS score 1-10. Day 30: ask for written testimonial and whether they would upgrade to paid. Track responses in 02-beta-testers.csv.","N/A"
"Collect written testimonials from beta testers","Beta Testing","High","Not Started","Ask testers who rate 9-10 NPS for a 2-3 sentence quote you can use on your website and App Store listing. These are invaluable for conversion.","N/A"
"Create Instagram Business account for Signal","Marketing","High","Not Started","Go to instagram.com > Settings > Switch to Professional Account > Business. Use email: contact@mindcast.co.nz or the brand email. Connect to a Facebook Page (required for ads later).","https://instagram.com"
"Create TikTok Business account for Signal","Marketing","High","Not Started","Go to tiktok.com > Sign up > Business account. Use the brand email. TikTok is currently the best organic reach platform for wellness content targeting women 25-40.","https://tiktok.com"
"Post first 3 Instagram launch posts","Marketing","High","Not Started","Use the captions and hashtags from 06-marketing-content.csv. Post order: 1. App launch announcement. 2. Educational carousel about cycle syncing. 3. Day in the life Reel.","N/A"
"Post first TikTok videos","Marketing","High","Not Started","Use the scripts from 06-marketing-content.csv. Start with the founder story video and the things that changed my life format. Film on iPhone, edit in CapCut.","https://www.capcut.com"
"DM 10 NZ wellness influencers using gifted access template","Marketing","High","Not Started","Search Instagram for #nzwellness #nzwomen #cyclesyncing. DM 10 accounts with 5k-100k followers using the Influencer DM Template in 06-marketing-content.csv. Offer BETA2025 code.","N/A"
"Publish Product Hunt launch","Marketing","Medium","Not Started","Create product page at producthunt.com using the copy in 06-marketing-content.csv. Launch on a Tuesday or Wednesday for best results. Share in NZ startup communities on launch day.","https://producthunt.com"
"Set up Google Analytics or PostHog funnel tracking","Marketing","High","Not Started","PostHog is already installed. Add VITE_PUBLIC_POSTHOG_PROJECT_TOKEN to Vercel env vars. Then set up a funnel in PostHog: Homepage > Signup > First journal entry > Subscription.","https://posthog.com"
"Submit app to NZ startup communities","Marketing","Medium","Not Started","Submit to: StartupNZ newsletter, Lightning Lab alumni network, Hnry community, NZ Tech community on LinkedIn. These audiences understand and support NZ-built products.","https://startupnz.org.nz"
"Verify production environment variables are set","Technical / Dev","Critical","Not Started","Check Vercel (or your host) has all required env vars: VITE_SUPABASE_URL, VITE_SUPABASE_PUBLISHABLE_KEY, VITE_SENTRY_DSN, VITE_PUBLIC_POSTHOG_PROJECT_TOKEN. These should NOT be committed to GitHub.","https://vercel.com/dashboard"
"Set STRIPE_SECRET_KEY in Supabase edge function secrets","Technical / Dev","Critical","Not Started","Supabase Dashboard > Settings > Vault > Secrets. Confirm STRIPE_SECRET_KEY and STRIPE_WEBHOOK_SECRET are present. These power the stripe-webhook edge function.","https://supabase.com/dashboard/project/hwcgbcfqxzzhvivcdroh/settings/vault"
"Commit and push all recent code fixes","Technical / Dev","High","Not Started","Ready to commit: Lovable URL removed from capacitor.config.ts, PostHog env var fix, health disclaimer in onboarding, course gates on Connect and Parenting, /brand and /animation-poc protected, console.error cleanup. Run git status to review.","N/A"
"Verify custom domain is configured on hosting","Technical / Dev","Critical","Not Started","Confirm signal.mindcast.co.nz resolves to your production app with HTTPS. Test in incognito browser. Check SSL certificate is valid and not expiring soon.","https://vercel.com/dashboard"
"Test app on real Android device before launch","Technical / Dev","Critical","Not Started","Install APK or use Play Store Internal Testing on a real Android phone. Test: login, cycle tracking, journal AI, membership upgrade, push notifications.","N/A"
"Test app on real iPhone before launch","Technical / Dev","Critical","Not Started","Use TestFlight to install on a real iPhone. Test same flows as Android. Pay attention to safe area insets and bottom navigation on iPhone with notch/island.","https://developer.apple.com/testflight/"
"Check all 39 edge functions are deployed","Technical / Dev","High","Not Started","Supabase Dashboard > Edge Functions. Verify all 39 functions show green status and recent successful invocations. Any red status needs investigation.","https://supabase.com/dashboard/project/hwcgbcfqxzzhvivcdroh/functions"
