Template ID,Template Name,Trigger,Subject Line,Status,Where It's Sent From,Personalisation Variables,Preview Text,Key Body Content,Call-to-Action Text,CTA URL,Missing / Needs Work,How to Test
1,Welcome Email,New user signs up (Supabase auth trigger),Welcome to Signal — you're in ✨,LIVE — in templates.ts,Supabase edge function: send-email,{{name}} (optional),Your personal wellness companion is ready.,You're in! Intro to Cycle Syncing + AI Journal + Nutrition + Mindfulness + Connect Course. Warm and personal tone.,Open Signal,https://signal.mindcast.co.nz,None — fully built,Sign up with a test email and check inbox. Or call the send-email edge function directly via Supabase Dashboard > Functions > send-email > Test
2,Subscription Confirmed,Stripe webhook: customer.subscription.created,Your Signal [Tier] plan is live 🎉,LIVE — in templates.ts,Supabase edge function: send-email,{{tier}} {{name}} (optional),Your AI credits are ready — let's go.,Shows plan badge + credit count + list of included features. Next billing date link to Membership page.,Start exploring Signal,https://signal.mindcast.co.nz,None — fully built,Subscribe via Stripe checkout in app and check inbox
3,Top-Up Confirmed,Stripe webhook: one-time payment for credit top-up,50 Signal credits added to your account ⚡,LIVE — in templates.ts,Supabase edge function: send-email,{{name}} (optional),Your AI credits are topped up and ready.,50 credits added. Explains what credits power. Upsell to subscription for better rate.,Use my credits,https://signal.mindcast.co.nz,None — fully built,Purchase a credit top-up in app and check inbox
4,Renewal Confirmed,Stripe webhook: invoice.payment_succeeded (recurring),Your Signal [Tier] plan has renewed,LIVE — in templates.ts,Supabase edge function: send-email,{{tier}} {{nextBillingDate}} {{name}} (optional),Your credits have been refreshed for the month.,Plan name + credits refreshed + next billing date shown in a clean card. Link to membership settings.,Open Signal,https://signal.mindcast.co.nz,None — fully built,Wait for first renewal or manually trigger via Stripe test webhook
5,Plan Changed,Stripe webhook: customer.subscription.updated,You've upgraded to Signal [Tier] 🚀 OR Your Signal plan has been updated,LIVE — in templates.ts,Supabase edge function: send-email,{{newTier}} {{oldTier}} {{name}} (optional),Your plan has changed — here's what's new.,Shows old plan → new plan transition. Highlights upgrade (purple) vs downgrade (rose). Credit count for new plan.,Open Signal,https://signal.mindcast.co.nz,None — fully built,Change subscription in Stripe test mode and trigger webhook
6,Cancellation,Stripe webhook: customer.subscription.deleted,Your Signal subscription has been cancelled,LIVE — in templates.ts,Supabase edge function: send-email,{{tier}} {{endDate}} {{name}} (optional),Your access continues until [date].,Access continues until end date. Data is safe. Re-subscribe CTA. Asks for cancellation feedback via reply.,Resubscribe,https://signal.mindcast.co.nz/membership,None — fully built,Cancel in Stripe test mode and check inbox
7,Password Reset,User clicks 'Forgot password' on auth page,Reset your Signal password,MISSING — Supabase sends default email,Supabase Auth (not send-email edge function),{{reset_link}},Your password reset link is inside.,Default Supabase reset email is plain and unbranded. Needs custom template in Supabase Dashboard > Auth > Email Templates,Reset my password,[reset_link from Supabase],"NEEDS WORK: Go to https://supabase.com/dashboard/project/_/auth/templates and set a branded HTML template using Signal colours. Copy the header/footer pattern from templates.ts and insert {{ .ConfirmationURL }} for the reset button link.",Update in Supabase Dashboard > Auth > Email Templates > Reset Password
8,Weekly Re-engagement / Digest,Weekly cron — sent to inactive users (no login in 7+ days),Your weekly Signal check-in is here 🌿,MISSING — not built yet,Would use send-email edge function + new cron job,{{name}} {{phase}} (cycle phase if known),A gentle nudge to tune back in.,Personalised based on cycle phase. Surfaces 1 insight from their last journal entry if available. Links to most relevant page for their phase.,Return to Signal,https://signal.mindcast.co.nz,"OPTIONAL — nice to have for retention. Create a new Supabase edge function (weekly-digest) with a pg_cron trigger. Query users with last_sign_in_at < now() - interval '7 days'. Compose personalised email using templates.ts pattern.",Build after launch — medium priority retention tool

NOTES FOR GRANT:
- All 6 live templates are in: supabase/functions/send-email/templates.ts
- The send-email edge function is at: supabase/functions/send-email/index.ts
- FROM address: Signal <support@mindcast.co.nz> via Resend
- To test any template: Supabase Dashboard > Edge Functions > send-email > Invoke with JSON body e.g. {"type":"welcome","email":"test@youremail.com","name":"Test User"}
- Resend dashboard to see all sent emails: https://resend.com/emails
- CRITICAL: Set up Resend domain verification for mindcast.co.nz if not done (check https://resend.com/domains)
