Content Type,Platform,Format,Theme / Hook,Caption / Script,Hashtags,Visual Direction,CTA,Status,Notes
Instagram Post,Instagram,Static image (1:1),App launch announcement,"You've been telling me wellness apps feel overwhelming. Too many features. Not built for real life.

Signal is different.

It syncs to YOUR cycle. Learns YOUR patterns. Guides you through food, movement, mindfulness, and relationships — all in one place.

Built by a woman, for women. Launching soon in NZ.

👇 Link in bio to join the waitlist.",#signalapp #nzwellness #cyclesyncing #holistichealth #nervousystem #nzwomen #wellnessapp #mindcastnz #periodtracker #hormonehealth,Cream background (#FAF8F5). Signal logo centred. Tagline: 'Tune Into Your Inner Self' in Montserrat. Clean and minimal.,Join waitlist / link in bio,Ready to post,Use Canva to create. Brand colours: purple #5C4A9E / rose #C4526E / cream #FAF8F5
Instagram Reel,Instagram,Reel (vertical 9:16 — 30-60s),Day in the life with Signal,"[0-3s] Morning — opens app. Daily Signal card appears: 'You're in your follicular phase. Energy is rising.'

[3-8s] Breakfast — taps Nutrition. AI suggests hormone-balancing breakfast. 'Today: eggs + seed cycling.'

[8-15s] Movement — taps workout tab. AI recommends strength training. She heads to the gym.

[15-22s] Evening — opens Journal. Types 3 sentences. AI reflects back: 'You're noticing a pattern around boundaries.'

[22-30s] Breathwork — does box breathing before bed. Calm closes.

[Text overlay throughout]: 'One app. Your whole cycle. Your whole life.'

[End card]: Signal — Download now (link in bio)","#signalapp #dayinthelife #cyclesyncing #wellnessroutine #nzwomen #hormonalhealth #womenshealth #mindfulnessapp #journalingapp #nzwellness",Aesthetic POV-style footage. Real woman. Minimal text overlays in Signal purple. Fast cuts with transitions matching app transitions.,Download now / link in bio,Script ready — needs filming,Can be filmed on iPhone. Use CapCut or Adobe Premiere for editing. Use Signal brand font (Montserrat) for text overlays.
Instagram Story,Instagram,Story (9:16 — poll),Engagement / product research,"[Slide 1] Text on cream background: 'Quick question for you 👇'

[Slide 2] Poll: 'What's your biggest wellness struggle right now?'
Option A: Knowing what to eat at different times of the month
Option B: Staying consistent with movement
Option C: Managing my emotions and stress
Option D: Feeling connected to my body

[Slide 3 — after poll closes]: 'We built Signal to help with ALL of these. But especially for [winning option].'
CTA: 'Learn more — link in bio'","(No hashtags needed on stories)",Cream/purple brand palette. Clean sans-serif text. Signal watermark bottom right.,Swipe up / link in bio,Ready to post,Run before launch to validate messaging. Use results to inform your hero copy.
Instagram Post,Instagram,Carousel (5 slides),Educational — what is cycle syncing?,"[Slide 1 — Hook] Your hormones change every week. Your wellness routine should too.

[Slide 2 — Follicular Phase] Week 1-2: Rising estrogen. Best time for trying new things, strength training, creative work, social events.

[Slide 3 — Ovulation] Week 2: Peak energy and communication. Great for difficult conversations, collaboration, HIIT.

[Slide 4 — Luteal Phase] Week 3-4: Progesterone peaks then drops. Prioritise rest, gentle movement, nourishing food, boundaries.

[Slide 5 — Menstrual Phase] Week 1: Rest and reflect. Yoga, journaling, iron-rich food, early nights.

[Slide 6 — CTA] Signal tracks this for you — automatically. Get personalised guidance for every phase. Download Signal (link in bio).","#cyclesyncing #hormonehealth #womenshealth #menstrualcycle #nzwomen #wellnesstips #periodeducation #signalapp #holisticwellness #nzwellness",Each slide has phase colour gradient. Simple icons. Minimal text. Could be created fully in Canva using signal brand.,Download Signal / link in bio,Ready to create in Canva,This type of educational carousel typically gets high saves and shares — great for organic reach.
TikTok,TikTok,Video (15-30s),Trend hook — 'Things that changed my life',"""Things that actually changed my life this year:

Getting off diet culture apps ✓
Tracking my cycle — not just my period ✓
Understanding WHY I feel different each week ✓
Finding an app that actually gets it ✓

Signal syncs to your cycle and tells you what to eat, how to move, and how to take care of yourself — every single day.

Download link in my bio 🫶"""

[Voice over with trending audio. Text on screen synced to speech.],#signalapp #cyclesyncing #thingsthatchangedmylife #womenshealth #hormonehealth #periodhealth #wellnessapp #nzwomen #selfcare,Trending audio. Text overlay style matching TikTok aesthetic. Footage of app on phone or selfie style.,Download link in bio,Script ready,Hook in first 3 seconds is critical on TikTok. 'Things that changed my life' is a proven format with millions of uses.
TikTok,TikTok,Video (60s),Story / founder content,"My name is Grant and I built Signal.

I built it because I watched my partner struggle with the same thing thousands of women struggle with — not knowing why they feel so different from one week to the next.

The anxiety before their period. The energy surge mid-cycle. The crash afterward.

No one was connecting the dots for them. So I did.

Signal is a wellness app built around your cycle. It tells you what your body needs — food, movement, rest, mindfulness — every single day based on where you are in your cycle.

We're launching in New Zealand first.

If you've ever felt like your body was working against you — Signal will show you it's actually working for you.

Download link in bio. 🌿","#founderstory #signalapp #womenshealth #cyclesyncing #nzstartup #wellingtonbusiness #nzwomen #appbuilder #startupfounder #hormonehealth",Founder on camera. Authentic and personal. Good lighting. Signal logo end card.,Download / link in bio,Script ready — needs filming,Founder content builds trust and authenticity. This type of video often gets disproportionate reach. Keep it genuine.
Influencer DM Template,Instagram DM,Direct message,Gifted collaboration pitch,"Hi [Name] 👋

I love your content around [specific topic they post about — e.g. hormone health / holistic wellness / cycle syncing].

I'm the founder of Signal — a new wellness app launching in NZ that syncs to your cycle and gives you personalised guidance on food, movement, mindfulness, and relationships based on where you are in your cycle.

I'd love to gift you 3 months free access (Thriving tier — our top plan) to try it out. No strings attached.

If you love it and want to share it with your community, amazing. If not, the access is yours to keep.

Would you be keen? 😊

Grant
Signal by Mindcast
signal.mindcast.co.nz",N/A — DM not for hashtags,N/A — text message,Try Signal free / DM reply,Ready to send,Target NZ-based wellness influencers 5k-100k followers. Search: #nzwellness #nzwomen #cyclesyncing #nzhormonehealth. Use BETA2025 coupon code for gifted access.
App Store Description,Apple App Store,App description (4000 chars max),Full App Store listing,"Signal — Tune Into Your Inner Self

Your cycle changes everything. Your energy, your mood, your sleep, your hunger. Signal is the first wellness app built around this truth — giving you personalised guidance for every phase of your cycle, every day.

--- WHAT SIGNAL DOES ---

🌙 CYCLE SYNCING
Track your cycle and get daily insights on how your hormones affect your body and mind. Understand your follicular, ovulatory, luteal, and menstrual phases — and know exactly how to support yourself through each one.

✍️ AI JOURNAL
Write, reflect, and process with an AI that actually understands you. Your entries are private and stored in your Memory Vault. The more you write, the deeper your insights become.

🥗 SMARTER NUTRITION
Get meal plans and food guidance tailored to your cycle phase. Discover what your body actually needs this week — not just generic diet advice. Try our Fridge Recipe tool to turn what you have into a hormone-balancing meal.

💪 MOVEMENT THAT WORKS WITH YOU
Workouts recommended based on your energy levels and cycle phase. Log your movement, track your progress, and stop forcing your body through workouts that work against your hormones.

🧘 NERVOUS SYSTEM CARE
Guided breathwork, somatic practices, and mindfulness tools. Box breathing, body scans, 4-7-8 breathing, and more — with calming audio narration. Because your nervous system needs care too.

💞 RELATIONSHIP COURSES
The Connect course uses Gottman method and attachment science to deepen your most important relationships. Do it solo or with your partner. The Parenting course brings the same evidence-based approach to raising confident, emotionally healthy kids.

🌿 DAILY HABITS
Build rituals that stick. Track your self-care habits daily and celebrate your streaks. Because small consistent actions create real change.

--- WHO SIGNAL IS FOR ---
Signal is for women who are tired of one-size-fits-all wellness advice. It's for the woman who wants to understand her body, not fight it. It's for the woman building a life that feels as good on the inside as it looks on the outside.

--- PLANS ---
Signal is free to download. Premium plans unlock AI-powered guidance, full course access, and monthly AI credits.
· Rooted — NZD $14.99/month
· Nourished — NZD $24.99/month
· Thriving — NZD $39.99/month

Manage or cancel your subscription anytime in the app.

--- PRIVACY ---
Your journal entries, cycle data, and health information are private and encrypted. We never sell your data. Signal is compliant with the New Zealand Privacy Act 2020.

Questions? support@mindcast.co.nz
signal.mindcast.co.nz",N/A,App screenshots showing each major feature. Use iPhone 15 Pro frame. Show: Home dashboard, Cycle phase card, AI journal, Meal plan, Breathwork player.,Download Signal,Ready to submit when app is in App Store,Max 4000 characters. Keywords to include in keyword field (100 chars): cycle syncing,period tracker,hormone health,wellness,journal,breathwork,meditation,meal plan,NZ
Google Play Description,Google Play Store,App description,Full Play Store listing,"Signal — Tune Into Your Inner Self

Your cycle shapes your energy, mood, sleep, and hunger every single week. Signal is the wellness app that finally works with your hormones — giving you personalised, AI-powered guidance for every phase of your cycle.

CYCLE SYNCING: Track your cycle and understand exactly how your hormones affect you. Get daily insights for your follicular, ovulatory, luteal, and menstrual phases.

AI JOURNAL: A private journal with AI insights that grow deeper over time. Your Memory Vault keeps every entry safe and searchable.

NUTRITION GUIDANCE: Hormone-balancing meal plans, a smart shopping list, and a fridge recipe tool that turns what you have into something nourishing.

MOVEMENT: Workouts matched to your cycle phase and energy levels. Log manually or let AI create your weekly plan.

NERVOUS SYSTEM TOOLS: Box breathing, physiological sigh, coherent breathing, somatic body scans, and guided practices with calming audio narration.

RELATIONSHIP COURSES: The Connect course (Gottman + attachment science) and Parenting course — evidence-based, beautifully designed, and built to actually change how you relate to the people you love.

DAILY HABITS: Build the rituals that matter. Track your self-care habits and celebrate your streaks.

Free to download. Premium plans from NZD $14.99/month. Cancel anytime.

Your data is private, encrypted, and never sold. NZ Privacy Act 2020 compliant.

support@mindcast.co.nz | signal.mindcast.co.nz",N/A,Phone screenshots. Show key features. Bright and clean. Signal brand colours.,Download Signal,LIVE — already on Google Play,Update this description if you update features
Beta Tester Onboarding DM,Instagram / Email,Message template,Welcome new testers,"Hi [Name]! 🌿

You're in! Your Signal beta access is ready.

Here's how to get started:

1. Download Signal from the App Store / Google Play (search 'Signal Mindcast' or go to signal.mindcast.co.nz)
2. Create your account
3. Go to Membership and enter your code: [COUPON CODE]
4. Set up your cycle dates and explore!

A few things I'd love your thoughts on:
- Does the onboarding feel smooth?
- Does the AI journal feel helpful?
- Does anything feel confusing or broken?

You can reply to this message anytime with feedback, or use the Feedback button inside the app.

Thank you so much for being part of this journey. You're helping shape something really special. 💜

Grant x",N/A,N/A,N/A,Ready to send,Personalise the coupon code per tester. Follow up at Day 3 (check-in) and Day 14 (NPS request).
Product Hunt Launch Post,Product Hunt,Launch page copy,Product Hunt launch,"Tagline: The wellness app that actually syncs to your cycle

Description: Signal gives women personalised guidance on food, movement, mindfulness, and relationships — based on their cycle phase. AI journal, breathwork audio, nutrition planning, and evidence-based courses. Built in New Zealand, designed for real life.

First comment (from founder): 'Hey Product Hunt! 👋 I'm Grant, the founder of Signal. I built this after watching people I love struggle with wellness advice that didn't account for the fact that their body literally changes every week due to their cycle. Signal fixes that. It's an AI-powered companion that adapts to where you are in your cycle and gives you genuinely useful guidance — not generic content. Would love your feedback!'",N/A,App screenshots. Logo. Tagline on clean background.,Upvote + try Signal,Schedule for launch day — post at 12:01am PST for maximum upvotes,Go to producthunt.com and create a product page. Launch on a Tuesday or Wednesday for best results. Share in NZ tech/startup communities day of launch.

HOW TO IMPORT THIS INTO CANVA:
- Open Canva.com
- Create new design for each content type (Instagram Post = 1080x1080px, Reel/TikTok = 1080x1920px)
- Use brand colours: Primary purple #5C4A9E, Rose #C4526E, Cream #FAF8F5, Dark text #1A1523
- Font: Montserrat (available free in Canva) — Bold for headlines, Regular for body
- For the carousel template, create 6 slides using the cycle phase colours: Follicular (light lavender), Ovulation (golden), Luteal (rose), Menstrual (deep navy)
- Logo: Use text 'Signal' in Montserrat Bold with letter spacing
